<?xml version="1.0" encoding="UTF-8" standalone="yes"?>
<addon id="plugin.program.ghosttv" name="[COLOR red][B]GhostTV Applications for Kodi:[/B][/COLOR] [COLOR snow][B]Wizard[/B][/COLOR]" version="3.0.0" provider-name="GhostTV">
  <requires>
    <import addon="xbmc.python" version="2.18.4"/>
    <import addon="script.module.requests" version="2.9.1"/>
    <import addon="script.module.urllib3" version="1.22"/>
    <import addon="script.module.chardet" version="3.0.4"/>
    <import addon="script.module.idna"   version="2.6" />
    <import addon="script.module.certifi" version="2017.07.27.1"/> 
  </requires>
  <extension point="xbmc.python.pluginsource" library="default.py">
    <provides>program executable</provides>
  </extension>
  <extension point="xbmc.service" library="startup.py" start="startup" />
  <extension point="xbmc.addon.metadata">
    <summary lang="en">Welcome to GhostTV Applications for Kodi Wizard</summary>
    <description lang="en">This Software is designed to keep your KODI device up to date and running smoothly</description>
    <disclaimer lang="en">For help and support ... Please visit our group on Facebook!</disclaimer>
    <language></language>
    <platform>all</platform>
    <license>GNU GENERAL PUBLIC LICENSE. Version 2, June 1991</license>
    <forum></forum>
    <website>https://www.ghosttv.org</website>
    <email></email>
    <source></source>
    <news>v4.1.2 (2016-11-3) Restored 'keep' version.txt file ability</news>
    <assets>
        <icon>resources/art/icon.png</icon>
        <fanart>resources/art/fanart.jpg</fanart>
        <screenshot>resources/screenshot-01.jpg</screenshot>
        <screenshot>resources/screenshot-01.jpg</screenshot>
        <screenshot>resources/screenshot-01.jpg</screenshot>
        <screenshot>resources/screenshot-01.jpg</screenshot>        
    </assets>
  </extension>
</addon>